district,value,name
بيروت,604088,راس النبع
بيروت,604113,ساقية الجنزير
بيروت,604059,الجناح
بيروت,604060,البسطة
بيروت,604126,فردان
بيروت,604125,بدارو
بيروت,604124,شاتيلا
بيروت,604123,صيدا
بيروت,604122,بربور
بيروت,604338,السادات
بيروت,604127,النويري
بيروت,604087,برج البراجنة
بيروت,604040,دار المريسة
بيروت,604089,حي السلم
بيروت,604090,برج ابو حيدر
بيروت,604091,الصنائع
بيروت,604092,القنطاري
بيروت,604106,الخندق الغميق
بيروت,604107,تلة الخياط
بيروت,604108,وطى المصيطبة
بيروت,604109,برج ابي حيدر
بيروت,604110,عين التينة
بيروت,604086,الكولا
بيروت,604032,المرفأ
بيروت,101001,بيروت
بيروت,604339,البسطا التحتا
بيروت,604340,مار  الياس
بيروت,604341,السراي
بيروت,604058,الحمرا
بيروت,604033,الباشورة
بيروت,604031,المدور
بيروت,604030,الرميل
بيروت,604337,قريطم
بيروت,604039,ميناء الحصن
بيروت,604035,رأس بيروت
بيروت,604128,الملا
بيروت,604038,زقاق البلاط
بيروت,604029,الأشرفية
بيروت,604037,المزرعة
بيروت,604034,الصيفي
بيروت,604036,المصيطبة
بعبدا,201066,الصفير
بعبدا,604116,بئر العبد
بعبدا,201063,الكحاله
بعبدا,201065,الاوزاعي
بعبدا,201067,المشرفية
بعبدا,604073,الكوكودي
بعبدا,604118,الصحراء
بعبدا,201064,الرويس
بعبدا,604065,الطيونة
بعبدا,604342,الحدث الشمالي
بعبدا,604343,البرامية
بعبدا,604344,قرطاضا
بعبدا,604345,مار مخايل
بعبدا,604346,عوكر
بعبدا,604075,تحويطة النهر
بعبدا,604057,جسر الباشا
بعبدا,604111,بئر حسن
بعبدا,604066,حي السلم
بعبدا,604072,ضهور شوير
بعبدا,604120,التيرو
بعبدا,604074,الرمل العالي
بعبدا,201062,شبانية
بعبدا,604084,ضهور العبادية
بعبدا,604180,حي ماضي
بعبدا,201042,بتخنيه
بعبدا,201029,خلوات فالوغا
بعبدا,201030,الخريبة
بعبدا,201031,القلعة
بعبدا,201032,بعلشميه
بعبدا,201033,رويسة البلوط
بعبدا,201034,عين موفق
بعبدا,201035,الشمسيه
بعبدا,201036,الهلالية
بعبدا,201037,قبيع
بعبدا,201038,القرية
بعبدا,201039,القصيبه
بعبدا,201055,ترشيش
بعبدا,201041,العبادية
بعبدا,604117,صحراء الشويفات
بعبدا,201043,قرنايل
بعبدا,201044,راس المتن
بعبدا,201045,صليما
بعبدا,201046,الدليبه
بعبدا,201047,بمريم
بعبدا,201048,بزبدين
بعبدا,201049,ارصون
بعبدا,201050,دير الحرف
بعبدا,201051,الكنيسة
بعبدا,201052,زندوقة
بعبدا,201053,العربانية
بعبدا,201054,كفرسلوان
بعبدا,201040,قتاله
بعبدا,201015,برج البراجنة
بعبدا,201001,فرن الشباك
بعبدا,201002,عاريا
بعبدا,201003,شويت
بعبدا,201004,راس الحرف
بعبدا,201005,حارة حمزة
بعبدا,201006,الشياح
بعبدا,201007,الغبيري
بعبدا,201008,عين الرمانة
بعبدا,201009,بطشاي
بعبدا,201010,المرداشي
بعبدا,201011,حارة الست
بعبدا,201012,وادي الدلاب
بعبدا,201061,برازيليا
بعبدا,201014,وادي شحرور
بعبدا,201027,حمانا
بعبدا,201016,المريجة
بعبدا,201017,الليلكي
بعبدا,201018,تحويطة الغدير
بعبدا,201019,الحدث
بعبدا,201020,سبنيه
بعبدا,201021,حارة البطم
بعبدا,201022,بعبدا
بعبدا,201023,الحازمية
بعبدا,201024,اللويزة
بعبدا,201025,حارة حريك
بعبدا,201026,كفرشيما
بعبدا,201028,فالوغا
بعبدا,201013,بسابا
بعبدا,201060,الجمهور
بعبدا,201059,مار تقلا
بعبدا,201058,الفياضية
بعبدا,201057,حاصبيا
بعبدا,201056,جوار الحوز
المتن,202069,حارة البلانه
المتن,202081,ساقية المسك
المتن,202080,عمارة شلهوب
المتن,202079,الزلقا
المتن,202078,مار يوسف البرج
المتن,202077,وقف دير مار جرجس
المتن,202076,دير مار عبدا المشمر
المتن,202075,القعقور
المتن,202074,عين السنديانة
المتن,202073,ضهور الشوير
المتن,202072,بيت مري
المتن,202082,بحرصاف
المتن,202070,عين سعادة
المتن,202086,وادي شاهين
المتن,202068,ذوق الخراب
المتن,202067,دير عوكر
المتن,202066,ضبيه
المتن,202065,ضهر الحصين
المتن,202064,مار شعيا
المتن,202071,روميه
المتن,202011,الدكوانه
المتن,202014,كمب بيرات
المتن,202095,الشميس
المتن,202094,عين اللقش
المتن,202093,دير شمرا
المتن,202092,ابو ميزان
المتن,202091,مار موسى
المتن,202090,العيرون
المتن,202084,المحيدثة
المتن,202012,جل الحمى
المتن,202083,بكفيا
المتن,202010,النبعة
المتن,202089,الدوار
المتن,202088,حملايا
المتن,202009,الغيلان
المتن,202087,عين الخروبة
المتن,202059,برمانا
المتن,202085,المياسه
المتن,202063,المسقى
المتن,202013,مزرعة ماء الحلوه
المتن,604352,مرجبا
المتن,202132,مجدل ترشيش
المتن,604027,سد البوشرية
المتن,202007,كمب سيس
المتن,202006,كمب اغابيوس
المتن,202005,شارع سيواس
المتن,202004,كمب يوزغاد
المتن,202003,كمب تومرزا
المتن,202061,جورة البلوط
المتن,604353,مزرعة بنابيل
المتن,202135,مشيخا
المتن,604351,تعنايا
المتن,604350,جسر الواطي
المتن,604349,حوش تابت.
المتن,604348,المنشارة 
المتن,604347,الشوير
المتن,202001,كمب مرعش
المتن,202109,ديك المحدي
المتن,202110,زكريت
المتن,202002,كمب كيليكيا
المتن,202051,كفرعقاب
المتن,604071,القنطرة
المتن,202060,الغابة
المتن,202131,عينطوره
المتن,202058,مار روكز
المتن,202057,مار متر نبع الصالح
المتن,202056,زبوغا
المتن,202055,كفرتيه
المتن,202054,عين القبو
المتن,202133,بشلاما
المتن,202052,وادي الكرم
المتن,202134,عين الزيتونه
المتن,202008,كمب كولياش
المتن,202141,قنابة برمانا
المتن,202140,الحضيرة
المتن,202139,السبتية
المتن,202138,روضة
المتن,202137,نيو روضة
المتن,202136,الدورة
المتن,202062,العيون
المتن,202053,المشرع
المتن,202035,الزغرين
المتن,202044,حارة شيخ الغويصات
المتن,202043,حارة وازن
المتن,202042,راس نبع انطلياس
المتن,202041,مار ميخائيل
المتن,202040,عين الصفصاف
المتن,202039,شرين
المتن,202038,الجوار
المتن,202015,كمب طراد القديم
المتن,202036,عين التفاحة
المتن,202046,بيت عيال
المتن,604094,جديدة
المتن,604093,المونتفردي
المتن,202034,مرجيا
المتن,202107,عين عار
المتن,202106,قرنة شهوان
المتن,202105,دير طاميش
المتن,202033,زرعون
المتن,202031,بولونيا
المتن,202037,شويا
المتن,202122,الجديدة
المتن,202112,مزرعة يشوع
المتن,202113,الفريكه
المتن,202114,العطشانه
المتن,202115,الشاويه
المتن,202116,عين علق
المتن,202117,الحبوس
المتن,202118,بيت شباب
المتن,202119,مار بطرس
المتن,202125,المكلس
المتن,202121,السفيله
المتن,202045,البالوع
المتن,202123,العماريه
المتن,202124,الفنار
المتن,202108,بيت الككو
المتن,202050,بسكنتا
المتن,202049,البوشرية
المتن,202048,دير مار يوحنا
المتن,202047,الطبشة
المتن,202030,المروج
المتن,202120,المخاضه
المتن,202016,برج حمود
المتن,202097,بقنايا
المتن,202128,بعبدات
المتن,202029,الخنشارة
المتن,202096,جل الديب
المتن,202032,الخله
المتن,604061,عوكر
المتن,202019,الزاهرية
المتن,202021,دير القلعة
المتن,202017,سن الفيل
المتن,604068,المونتيفردي
المتن,202103,بيت الشعار
المتن,202102,بياقوت
المتن,202101,نابيه
المتن,202100,مزهر
المتن,202099,المجذوب
المتن,604054,الربوة
المتن,202098,بصاليم
المتن,202018,بسفرين
المتن,202026,المطيلب
المتن,202104,مزرعة الحضيره
المتن,202027,الرابية
المتن,202127,المنصورية
المتن,202130,المتين
المتن,202020,بعقريف
المتن,202111,قرنة الحمراء
المتن,202028,بتغرين
المتن,202129,ضهر الصوان
المتن,202025,النقاش
المتن,202024,انطلياس
المتن,202023,القصيبه
المتن,202022,مزرعة النخله
المتن,604070,جسر الباشا
المتن,604069,حاصبيا
المتن,202126,الديشونيه
الشوف,604147,مجدلونا
الشوف,604064,جون
الشوف,604148,الدوحة
الشوف,604063,الورحانية
الشوف,203046,دميت
الشوف,604076,الفتحيات
الشوف,604077,غريفة
الشوف,604078,الكحلونية
الشوف,604079,عين دزين
الشوف,604047,الجميلية
الشوف,604062,اقليم الخروب
الشوف,203103,بكشتين
الشوف,203095,جل البحر
الشوف,203096,الناعمة
الشوف,203097,دير الناعمة
الشوف,203098,كليله
الشوف,203099,الزير
الشوف,203100,برجا
الشوف,203044,دير بابا
الشوف,203102,عين الحور
الشوف,203092,الدامور
الشوف,203104,البرجين
الشوف,203106,الدبيه
الشوف,203107,المشيعه
الشوف,203108,الجيه
الشوف,203109,مقصبا
الشوف,203110,قصوبا
الشوف,203101,جدرا
الشوف,203085,علمان
الشوف,203077,بيقون
الشوف,203078,الكحلونه
الشوف,203079,مزرعة الشوف
الشوف,203080,عترين
الشوف,203081,عنبال
الشوف,203082,السماقيه
الشوف,203094,بستان ياروطي
الشوف,203084,البرغوتيه
الشوف,203093,السعديات
الشوف,203086,الرميله
الشوف,203087,مزرعة ابو يوسف
الشوف,203088,الجليله
الشوف,203089,حارة السودا
الشوف,203090,مزرعة الضهر
الشوف,203091,بقعاتا
الشوف,203113,حارة بعاصير
الشوف,203083,عين النور
الشوف,203139,المعنيه
الشوف,203111,وادي الزينة
الشوف,203132,خربة المراح
الشوف,203133,عانوت
الشوف,203134,حصروت
الشوف,203135,الزعرورية
الشوف,203136,سبلين
الشوف,203130,تربلا
الشوف,203138,كترمايا
الشوف,203129,داريا
الشوف,203140,عين الاسد
الشوف,203141,الشميس
الشوف,203142,دلهون
الشوف,203143,مزبود
الشوف,203144,الغريفة
الشوف,203145,بسابا
الشوف,203146,السمقانية
الشوف,203137,الوردانية
الشوف,203121,اللاهبيه
الشوف,203074,بطمه
الشوف,203114,ضهر المغارة
الشوف,203115,الفختيه
الشوف,203116,قتلة عيسى
الشوف,203117,البقسي
الشوف,203118,شمعرين
الشوف,203131,بنمرا
الشوف,203120,بخعون
الشوف,203112,بعاصير
الشوف,203122,السيار
الشوف,203123,الدلهمية
الشوف,203124,اللوازنية
الشوف,203125,البطال
الشوف,203126,المشرف
الشوف,203127,شحيم
الشوف,203128,المتريات
الشوف,203119,بقعون
الشوف,203028,بكفتي
الشوف,203037,كفر قطرا
الشوف,203021,كفرنيس
الشوف,203022,الجدايل
الشوف,203023,شوريت كفرحي
الشوف,203024,مجدل المعوش
الشوف,203025,بودين
الشوف,203019,خروبه
الشوف,203027,شوريت
الشوف,203018,نحله
الشوف,203029,زهنان
الشوف,203030,البيره
الشوف,203031,وادي الست
الشوف,203032,بريح
الشوف,203033,المطيله
الشوف,203034,الورهانيه
الشوف,203076,الجديدة
الشوف,203026,شمشيه
الشوف,203010,الفريدس
الشوف,203002,خلوات جرنايا
الشوف,203003,حارة الناعمة
الشوف,203004,معاصر بيت الدين
الشوف,203005,كفرنبرخ
الشوف,203006,عين عزيمه
الشوف,203007,عين وزين
الشوف,203020,المريجات
الشوف,203009,بتلون
الشوف,203039,بصنيه
الشوف,203011,الباروك
الشوف,203012,عين زحلتا
الشوف,203013,العديس
الشوف,203014,نبع الصفا
الشوف,203015,كفرا
الشوف,203016,عين عابد
الشوف,203017,البعين
الشوف,203008,بصيه
الشوف,203067,باتر
الشوف,203035,الفواره
الشوف,203060,وادي بنحليه
الشوف,203061,عميق
الشوف,203062,بعقلين
الشوف,203063,عماطور
الشوف,203064,مرج بسري
الشوف,203058,الجاهليه
الشوف,203066,جبلي
الشوف,203057,البقيعه
الشوف,203068,نيحا
الشوف,203069,مرستي
الشوف,203070,جباع
الشوف,203071,بعدران
الشوف,203072,الخريبه
الشوف,203073,عين قني
الشوف,203001,دير القمر
الشوف,203065,حارة جندل
الشوف,203049,غابة جعفر
الشوف,203040,الكنيسة
الشوف,203041,دير كوشه
الشوف,203042,بشتفين
الشوف,203043,كفر فاقود
الشوف,203045,المغيرية
الشوف,203036,كفر حمل
الشوف,203059,وادي الدير
الشوف,203048,كفرحيم
الشوف,203075,المختاره
الشوف,203050,عشقيته
الشوف,203051,شويت
الشوف,203052,معاصر الشوف
الشوف,203053,بكرزيه
الشوف,203054,دير دوريت
الشوف,203055,سر جبال
الشوف,203056,بنواتي
الشوف,203047,بيدر الرمل
الشوف,604255,بيت الدين
الشوف,604256,المطلة
الشوف,604354,مرج برجا
الشوف,604355,شحيم السهلة 
الشوف,604356,كفر بيت
الشوف,604357,تنورين
الشوف,604358,شرين
الشوف,203038,مزرعة الدوير
عاليه,204047,القماطيه
عاليه,204041,عين الفريدس
عاليه,604257,الامراء
عاليه,204052,دفون
عاليه,204051,عيناب
عاليه,204050,شملان
عاليه,604274,عين صوفر
عاليه,204054,عين كسور
عاليه,204048,كيفون
عاليه,204055,جسر القاضي
عاليه,204046,بمكين
عاليه,204045,سوق الغرب
عاليه,204044,عين المرج
عاليه,204043,المنصورية
عاليه,204042,العزونيه
عاليه,204049,بيصور
عاليه,204066,الشويفات
عاليه,204077,بسوس
عاليه,204076,الكحاله
عاليه,204075,سرحمول
عاليه,204074,دقون
عاليه,204073,بوار الدين
عاليه,204072,بعورته
عاليه,204071,الفساقين
عاليه,204070,عرمون
عاليه,204069,عين عنوب
عاليه,204053,رمحالا
عاليه,204067,دير قوبل
عاليه,204037,معصريته
عاليه,204065,عيتات
عاليه,204064,بو زريده
عاليه,204063,مزرعة حمود
عاليه,204062,دوير الرمان
عاليه,204061,سلفايا
عاليه,204060,مجدليا
عاليه,204059,عين درافيل
عاليه,204058,البنيه
عاليه,204057,كفرمتى
عاليه,204056,عبيه
عاليه,204068,بشامون
عاليه,204011,الغابون
عاليه,204039,مزرعة النهر
عاليه,204020,عين الجوزة
عاليه,204019,التعزانية
عاليه,204018,بطلون
عاليه,204017,بحمدون القرية
عاليه,204016,صوفر
عاليه,204015,القلعة
عاليه,204014,كفرعميه
عاليه,204022,المعيصرة
عاليه,204012,الرجمه
عاليه,204023,بمهريه
عاليه,204010,مغوايا
عاليه,204009,شرتون
عاليه,204008,عين تراز
عاليه,204007,رشميا
عاليه,204006,بحمدون المحطة
عاليه,204005,عاليه
عاليه,204004,بخشتيه
عاليه,204003,عين جويق
عاليه,204002,عين الجديدة
عاليه,204013,بجواره
عاليه,604362,المشرفة
عاليه,204001,عين الرمانة
عاليه,204038,الرميله
عاليه,204080,حومال
عاليه,204036,عديسة سير
عاليه,204035,دير سير
عاليه,204034,رويسة النعمان
عاليه,604359,غادير
عاليه,204033,بسرين
عاليه,204021,عين داره
عاليه,604361,رشيخا
عاليه,204040,حبرامون
عاليه,204032,عين الحلزون
عاليه,204031,بتاتر
عاليه,204030,شانيه
عاليه,204029,مجدل بعنا
عاليه,204028,وادي بدغان
عاليه,204027,بدغان
عاليه,204026,الشرقيه
عاليه,204025,شارون
عاليه,204024,اغميد
عاليه,604360,المشرف
عاليه,204078,حارة سالم
عاليه,204079,بدادون
عاليه,204090,القبة
عاليه,204089,خلدة
عاليه,204088,البساتين
عاليه,204087,الجمهور
عاليه,204086,السراي
عاليه,204084,المشرقة
عاليه,204083,العمروسية
عاليه,204082,دوحة عرمون
عاليه,204081,بليبل
عاليه,204085,قبر شمون
كسروان,205049,شوان
كسروان,205060,داريا
كسروان,205059,كفرتيه
كسروان,205058,بقعاتة كنعان
كسروان,205057,بقعتوته
كسروان,205056,كفرذبيان
كسروان,205055,فيطرون
كسروان,205054,القليعات
كسروان,205053,عجلتون
كسروان,205052,ريفون
كسروان,205047,غدراس
كسروان,205050,جورة مهاد
كسروان,205048,بزحل
كسروان,205061,ذوق مكايل
كسروان,205044,شننعير
كسروان,205067,مار الياس الراس
كسروان,205046,نهر الذهب
كسروان,205045,فتقا
كسروان,205051,ذوق مصبح
كسروان,205071,حراجل
كسروان,205081,خرائب نهر ابراهيم
كسروان,205080,كسليك
كسروان,205079,جبيل
كسروان,205078,المعاملتين
كسروان,205077,المعيصرة
كسروان,205076,كسروان الفتوح
كسروان,205075,كسروان
كسروان,205074,كفر حباب
كسروان,205065,بلونه
كسروان,205072,بقعاتة عشقوت
كسروان,205062,سهيله
كسروان,205070,ميروبا
كسروان,205069,فاريا
كسروان,205068,عشقوت
كسروان,205036,شحتول
كسروان,205066,عين الريحانه
كسروان,205043,الحصين
كسروان,205064,عينطوره
كسروان,205063,جعيتا
كسروان,205073,جونية
كسروان,205008,وطى سلام
كسروان,205038,النموره
كسروان,205016,بطحا
كسروان,205015,طبرجا
كسروان,205014,عين الدلبه
كسروان,205013,بزمار
كسروان,205012,وطى الجوز
كسروان,205011,رعشين
كسروان,205018,الدفنه
كسروان,205009,العقيبه
كسروان,205019,حريصا
كسروان,205007,درعون
كسروان,205006,البوار
كسروان,205005,بقاق الدين
كسروان,205004,غوسطا
كسروان,205003,الصفرا
كسروان,205002,ساحل علما
كسروان,205001,غادير
كسروان,205020,غزير
كسروان,205010,كفر ياسين
كسروان,205030,الغينه
كسروان,205041,المعيصره
كسروان,205040,المراديه
كسروان,205039,حياطه
كسروان,205037,زيتون
كسروان,205035,المزعيتره
كسروان,205034,العذراء
كسروان,205033,يحشوش
كسروان,205017,ادما
كسروان,205031,جورة الترمس
كسروان,205042,جورة بدران
كسروان,205029,الكفور
كسروان,205028,معراب
كسروان,205027,دلبتا
كسروان,205026,حارة صخر
كسروان,205025,صربا
كسروان,205024,جديدة غزير
كسروان,205023,القطين
كسروان,205021,عرمون
كسروان,205032,غباله
كسروان,604046,أدونيس
كسروان,604105,العقيبة
كسروان,205022,هرهريا
كسروان,604236,بحويطة
كسروان,604363,ادما والدفنه
كسروان,604364,الغورا
كسروان,604365,ترتج
جبيل,206029,جسر الدجاج
جبيل,206036,حلبا
جبيل,206035,المعيتيق
جبيل,206034,سيران
جبيل,206022,حبوب
جبيل,206023,كركز
جبيل,206028,جورة القطين
جبيل,206030,بجرين
جبيل,206037,المراح
جبيل,206024,جنجل
جبيل,206042,عين كفاح
جبيل,206027,مزرعة الخريبه
جبيل,206026,دير البنات
جبيل,206025,حارة جهجاه
جبيل,206032,الفيدار
جبيل,206045,راسكيفا
جبيل,206053,بلاط
جبيل,206052,بيت الغزال
جبيل,206051,كفر حتي
جبيل,206050,كفر قواس
جبيل,206049,اده
جبيل,206048,غلبون
جبيل,206040,حرف
جبيل,206046,بجه
جبيل,206038,الدوير
جبيل,206044,حصارات
جبيل,206043,غبالين
جبيل,206017,شموت
جبيل,206041,نهر ابراهيم
جبيل,206021,البريج
جبيل,206039,فتاح المير
جبيل,206047,عمشيت
جبيل,604282,ترزيا
جبيل,206002,حبالين
جبيل,206001,جبيل
جبيل,604115,كفرسالا
جبيل,604102,الحصون
جبيل,604099,غابون
جبيل,206019,سبرين
جبيل,604235,بحة
جبيل,206005,غرفين
جبيل,604284,كفرماشونه
جبيل,604285,كفربعال
جبيل,604366,المغيري
جبيل,604367,راس اسطا
جبيل,604368,عين الدلبة
جبيل,604369,بزبون
جبيل,604098,بزيون
جبيل,206011,كور الهوا
جبيل,604370,عين القوبية
جبيل,206018,الجليسه
جبيل,206056,قرطبون
جبيل,206016,معاد
جبيل,206015,شيخان
جبيل,206014,البرباره
جبيل,206003,الريحانيه
جبيل,206012,غرزوز
جبيل,206004,كفركده
جبيل,206010,حصرايل
جبيل,206009,جدايل
جبيل,206008,المنصف
جبيل,206007,بخعاز
جبيل,206006,عيدمون
جبيل,206020,بمهرين
جبيل,206013,فغال
جبيل,206100,مراح الصغير
جبيل,206054,عيناتا
جبيل,206107,هدينه
جبيل,206106,قرطبا
جبيل,206105,مفتاح السلم
جبيل,206104,حقل العين
جبيل,206103,حقل التينه
جبيل,206109,برعل
جبيل,206101,كفرشبوع
جبيل,206110,قرقريا
جبيل,206099,بشتليدا
جبيل,206098,عين عار
جبيل,206097,بركة حجولا
جبيل,206096,حصن عار
جبيل,206095,جربتا
جبيل,206094,حجولا
جبيل,206093,مار جرجس الكفر
جبيل,206102,زبدين
جبيل,206118,المجدل
جبيل,206126,العويني
جبيل,206125,مزرعة السياد
جبيل,206124,ادونيس
جبيل,206123,عنايا
جبيل,206122,اهمج
جبيل,206121,بشلي
جبيل,206108,تدمر
جبيل,206119,المنيطره
جبيل,206090,حاقل
جبيل,206117,علمات
جبيل,206116,مار سركيس
جبيل,206115,جنة مار سركيس
جبيل,206114,لاسا
جبيل,206113,افقا
جبيل,206112,قهمز
جبيل,206111,سرعيتا
جبيل,206120,مشان
جبيل,206063,الرويس
جبيل,206071,عبادات
جبيل,206070,كفرمسحون
جبيل,206069,مزرعة الجميل
جبيل,206068,سيدة هابيل
جبيل,206067,بيت حباق
جبيل,206066,الراموت
جبيل,206092,الكفر
جبيل,206064,شواتا
جبيل,206074,بنتاعل
جبيل,206062,الغابات
جبيل,206061,العاقوره
جبيل,206060,مضاميط
جبيل,206059,كفر زبونا
جبيل,206058,كفر كلاس
جبيل,206057,مستيتا
جبيل,206031,حالات
جبيل,206065,ساقية الخيط
جبيل,206081,لحفد
جبيل,206055,بكدنا
جبيل,206089,مار زخيا
جبيل,206088,مشمش
جبيل,206087,كفون
جبيل,206086,بحديدات
جبيل,206085,اللقلوق
جبيل,206084,ميفوق
جبيل,206072,وادي الكلب
جبيل,206082,سقى رشميا
جبيل,206073,شامات
جبيل,206080,عاليتا
جبيل,206079,فتري / بير الهيت
جبيل,206078,ترتج
جبيل,206077,جاج
جبيل,206076,الخاربه
جبيل,206075,فوار
جبيل,206091,دير القطاره
جبيل,206083,هابيل
جبيل,604371,عين الشلال
جبيل,206033,شعبايا
جبيل,604376,عبيدات
جبيل,604375,الحليسة
جبيل,604374,يانوح
جبيل,604373,تنورين
جبيل,604372,ريمه
طرابلس,604247,بخعون
طرابلس,604245,اليحصة
طرابلس,604220,بكمرا
طرابلس,604383,ايطو
طرابلس,604243,بحنين
طرابلس,604242,زهر بتغرين
طرابلس,604241,مراح السراج
طرابلس,604240,المنية
طرابلس,604239,دير نبوح
طرابلس,301018,بقرصونة
طرابلس,301019,النوري
طرابلس,604218,الحدادين
طرابلس,604384,دريا
طرابلس,301020,كفر حبو
طرابلس,301015,دير عمار
طرابلس,604221,باب الرمل
طرابلس,301016,ابي سمرا
طرابلس,604219,التربيعة
طرابلس,604212,بعل محسن
طرابلس,604213,السويقة
طرابلس,604214,الخناقة
طرابلس,604215,المنارة
طرابلس,604216,المنلا
طرابلس,604217,جبل محسن
طرابلس,604629,بساتين الميناء
طرابلس,604381,النبي يوشع
طرابلس,301003,الميناء
طرابلس,604380,رمانة
طرابلس,604379,اسكلة
طرابلس,301017,الزاهرية
طرابلس,301002,وابل
طرابلس,301014,السفيرة
طرابلس,301001,طرابلس
طرابلس,604378,المهاترة
طرابلس,604041,الضنية
طرابلس,301006,القبة
طرابلس,301004,المنيه
طرابلس,301010,القلمون
طرابلس,604250,كفر شلان
طرابلس,301013,سير
طرابلس,604377,حوارة طرابلس
طرابلس,301005,البداوي
طرابلس,301011,بقرحدنا
طرابلس,604382,المعلقة الشمالي
طرابلس,604264,بساتين طرابلس
طرابلس,301009,التل
طرابلس,301008,التبانة
طرابلس,604280,زيتون طرابلس
طرابلس,301007,ملولة
طرابلس,301012,حقل العزيمة
الكورة,302004,بزيزا
الكورة,604114,رشدين
الكورة,302037,كفرحاتا
الكورة,302038,عين عكرين
الكورة,604203,بنهران
الكورة,604202,ضهور الهواء
الكورة,604201,كفتون
الكورة,604200,كفرقاهل
الكورة,604198,راس سقا
الكورة,604195,حامات
الكورة,302003,كلباتا
الكورة,302002,انفه
الكورة,302001,اميون
الكورة,604199,كفرحزير
الكورة,604196,برصى
الكورة,302027,بدبا
الكورة,302018,بتوارتيج
الكورة,302030,بحبوش
الكورة,302029,دار بعشتار
الكورة,302007,البحصاص
الكورة,302022,فيع
الكورة,302016,راس مسقا
الكورة,302012,بطرام
الكورة,302031,عفصديق
الكورة,302009,بشمزين
الكورة,302014,النخلة
الكورة,302026,بصرما
الكورة,302017,الهيكلية
الكورة,604388,بتعبورة
الكورة,604244,حارة الخاطة
الكورة,302021,كفر عقا
الكورة,302020,كفر حزير
الكورة,302019,الحريشة
الكورة,604197,طورزا
الكورة,302028,رشد بين
الكورة,302032,كفر صارون
الكورة,604104,برغون
الكورة,302036,كفريا
الكورة,604387,هتريت
الكورة,302035,المجدل
الكورة,302034,بزغون
الكورة,604386,بديهون
الكورة,302023,كفر قاهل
الكورة,604385,زغرتا المتاولة
الكورة,302015,برسا
الكورة,302008,دده
الكورة,302005,البلمند
الكورة,604095,اجد عبرين
الكورة,302024,السامريه
الكورة,302025,عابا
الكورة,302011,كوسبا
الكورة,302010,الكورة
الكورة,302006,بترومين
الكورة,302013,ضهر العين
الكورة,302033,قلحات
زغرتا,604254,مرح كفرصغاب
زغرتا,604045,تولا
زغرتا,604187,كفرفو
زغرتا,604186,بيادر
زغرتا,604390,الصليب الشمالي
زغرتا,604188,حي المعاصر
زغرتا,604391,السيدة الشرقي
زغرتا,604392,ابطو
زغرتا,604393,مزرعة النهر
زغرتا,604394,كرمده
زغرتا,604398,اجبع
زغرتا,604233,ايعال
زغرتا,604397,كفريا
زغرتا,604396,قرطبا
زغرتا,604234,كفرشخنا
زغرتا,604080,حرف أردة
زغرتا,604185,كفردلاقوس
زغرتا,303004,كفرحاتا
زغرتا,303010,سرعل
زغرتا,303009,مجدليا
زغرتا,303008,العقبة
زغرتا,604226,سبعين
زغرتا,303007,مرياطة
زغرتا,303017,كفر ياشيت
زغرتا,303005,بشري
زغرتا,604193,عربة قزحيا
زغرتا,303003,مزياره
زغرتا,303002,اهدن
زغرتا,303001,زغرتا
زغرتا,604184,الفوار
زغرتا,604389,مزرعة التفاح
زغرتا,604112,حرف ارده
زغرتا,303006,عناس
زغرتا,604191,كرم سدة
زغرتا,303021,كفرصغاب
زغرتا,303020,كفردلاكوس
زغرتا,303019,علما
زغرتا,303018,بنعشي
زغرتا,303016,ارده
زغرتا,303011,كفرزينا
زغرتا,604190,داريا
زغرتا,604194,كفرحورة
زغرتا,604192,عرجس
زغرتا,303015,عشاش
زغرتا,303014,رشعين
زغرتا,303013,الخالدية
زغرتا,303012,سبعل
زغرتا,604395,اصفون
زغرتا,604189,راس كيفا
البترون,604414,الدوق
البترون,604407,تولا
البترون,604417,كفرحامي
البترون,604415,حلتا
البترون,304015,اده
البترون,604413,مار ما ما
البترون,604411,شاتين
البترون,604410,صفار
البترون,604412,حردين
البترون,604408,الذوق
البترون,604399,محمرش
البترون,604406,اصيا
البترون,604405,صردين
البترون,604404,ضهر ابي ياغي
البترون,604403,كوبا
البترون,604402,دريا
البترون,604401,كفيفان
البترون,604400,كفر شيلمان
البترون,604409,كفر حتنا
البترون,304011,كور
البترون,604418,حوران
البترون,604419,اسيا 
البترون,304001,البترون
البترون,304002,كفرعبية
البترون,304003,شكا
البترون,304004,كفر عبيدا
البترون,304005,تحوم
البترون,304006,الهري
البترون,304007,بجدرفل
البترون,304008,سمار جبيل
البترون,304017,الفتاحات
البترون,304010,عبرين
البترون,304024,راشانا
البترون,304012,كبا
البترون,304013,وجه الحجر
البترون,304014,شبطين
البترون,304016,بقسميا
البترون,304018,بسبينا
البترون,304019,مراح الزيات
البترون,304020,عبدللي
البترون,304021,حامات
البترون,304022,سلعاتا
البترون,304023,دوما
البترون,304009,تنورين
البترون,604416,جربتا
البترون,604211,صورات
البترون,604210,كفور العربي
البترون,604208,زان
البترون,604048,جبلا
البترون,604630,داعل
البترون,604103,بشتقدار
البترون,604205,بيت شلالا
البترون,604209,جران
البترون,604204,كفرحلدا
البترون,604129,وطا حوب
البترون,604130,العلالي
البترون,604131,دير بلا
البترون,604132,كفرحي
البترون,604081,اميا
البترون,604206,بشتودار
البترون,604272,مسرح
البترون,604044,رأس نحاش
البترون,604043,بشعلة
البترون,604207,مراح شديد
البترون,604276,غوما
البترون,604101,راسنحاش
البترون,604252,رشكده
البترون,604251,نيحا
البترون,604100,راشكيدا
البترون,604096,اجدبرا
البترون,604042,حدتون
عكار,604140,شكا حمود
عكار,604157,الدورة
عكار,604156,البرج
عكار,604155,بزبينا
عكار,604154,بينو
عكار,604153,كرم عصفور
عكار,604152,قرزلا
عكار,604149,شير حميرين
عكار,604248,تل بيرة
عكار,604097,قبعيت
عكار,604161,حيزوق
عكار,604225,قرزيلا
عكار,604238,الحيصة
عكار,604246,بيت أيوب
عكار,604249,تل حميرة
عكار,604151,الحميرة
عكار,305014,تكريت
عكار,604159,الدبابية
عكار,305006,ببنين
عكار,305007,بترومين
عكار,305008,المزدايب
عكار,305009,القبيات
عكار,305010,حلبا
عكار,305011,العبودية
عكار,305004,رحبة
عكار,305013,الشيخ محمد
عكار,305003,عين الزيت
عكار,305015,العبدة
عكار,305016,دير دلوم
عكار,305017,شدرا
عكار,305018,عين يعقوب
عكار,305019,المحمرة
عكار,305020,حوشب
عكار,305021,العريضة
عكار,305022,عيدمون
عكار,305012,بر قايل
عكار,604170,مزرعة بلدة
عكار,604160,مزرعة البلدة
عكار,604162,الرماح
عكار,604163,بيت ملات
عكار,604164,الجديدة
عكار,604165,الزوارين
عكار,604166,تلعباس الغربي
عكار,604167,الحاكور
عكار,305005,الشيخ طابا
عكار,604169,تلميعان
عكار,604158,عيات
عكار,604171,عدبل
عكار,604172,قرقف
عكار,604631,تل عباس الشرقية 
عكار,604173,كفرتون
عكار,604174,مشحا
عكار,604175,ذوق القشارين
عكار,305001,عكار
عكار,305002,منياره
عكار,604168,جبرايل
عكار,604427,قنيا
عكار,604464,حرار
عكار,604437,وادي خالد
عكار,604436,اكروم
عكار,604435,السويقة
عكار,604434,الشيخ زناد
عكار,604433,سماقية
عكار,604432,النفيسة
عكار,604431,شيخ لار 
عكار,604430,نورا
عكار,604439,الهد
عكار,604428,دير جنين
عكار,604440,القنطره
عكار,604426,ذوق حدادة 
عكار,604425,القريات
عكار,604424,شربيلا 
عكار,604423,وادي الجاموس
عكار,604237,تلة وشطاحا
عكار,604421,تاشع
عكار,604292,بيت يونس
عكار,604462,فنيدق
عكار,604463,ذق المعترينا
عكار,604429,مجدلا
عكار,604450,حبشيت
عكار,604461,كروم عرب
عكار,604460,الحديد
عكار,604459,سيوف
عكار,604458,العوينات
عكار,604457,جديدة القيطع
عكار,604456,المسعودية
عكار,604455,بيت عطاس
عكار,604454,شان
عكار,604453,القرنة
عكار,604438,خريبة  الجندي
عكار,604451,العيون
عكار,604420,التليل
عكار,604449,المقيطع كفرملكة
عكار,604448,غوايا
عكار,604447,ممنع
عكار,604446,دارين
عكار,604445,ضهر حدارة
عكار,604444,عمار البيكات
عكار,604443,سعدين
عكار,604442,السويدة
عكار,604441,بزال
عكار,604452,برج العرب
عكار,604475,ريمانية 
عكار,604422,قبولا
عكار,604465,بيت الحاج
عكار,604480,مخبز
عكار,604479,الحدشب
عكار,604478,خريبة داود
عكار,604477,قبة شمرا
عكار,604476,عيون  الغزلان
عكار,604474,الحويش
عكار,604473,كفر ملكي
عكار,604472,السنديانة
عكار,604468,ضهر القنبر
عكار,604466,زغترا
عكار,604298,عرقا
عكار,604293,اتحاد بلديات وسط وساحل القيطع
عكار,604467,الريحانية
عكار,604470,الكواشرة.
عكار,604469,النهرية
عكار,604471,دوير عدوية 
عكار,604028,مشمش
بشري,604228,قرقاشا
بشري,604229,بيت منذر
بشري,604230,الديمان
بشري,604082,حدث الجبة
بشري,604489,بريسات
بشري,604491,بقاع كفرا
بشري,306001,بشري
بشري,604227,حدشيت
بشري,604484,بان
بشري,604492,الحدادين
بشري,604490,قنات
بشري,604482,حصرون
بشري,604487,عبدين 
بشري,604485,بزعون
بشري,604483,مار سابا
بشري,604150,الصرفند
بشري,604486,حي السيدة
بشري,604488,حي ماريوحنا
بشري,604481,برحليون
صيدا,401001,صيدا
صيدا,604143,سيروب
صيدا,401003,المعمارية
صيدا,604119,طبايا
صيدا,401004,الحجة
صيدا,401005,اركي
صيدا,401006,عقتنيت
صيدا,401002,دكرمان
صيدا,604055,كفر حتى
صيدا,604294,اتحاد بلديات ساحل الزهراني
صيدا,604141,القباعة
صيدا,401047,الحمى
صيدا,401007,مطرية جباع
صيدا,604511,بيصور
صيدا,604231,الزهراني
صيدا,604510,مار نقولا
صيدا,604142,شرحبيل
صيدا,401078,الحارة
صيدا,401091,خرطوم
صيدا,401090,الخرايب
صيدا,401089,انصارية
صيدا,401088,بابلية
صيدا,401087,معمارية الخراب
صيدا,401086,ارزي
صيدا,401085,زراريه
صيدا,401084,صرفند
صيدا,401083,قناريت
صيدا,401082,عدلون
صيدا,401081,سكسكيه
صيدا,401066,عين الدلب
صيدا,401079,الهلاليه
صيدا,401094,البرامية
صيدا,401077,الحسينيه
صيدا,401076,مغراقا
صيدا,401075,محيدله
صيدا,401074,عين القنطرة
صيدا,401073,مزرعة اسكندرون
صيدا,401072,كفر شلال
صيدا,401071,مزرعة طبايا
صيدا,401070,كفر ملكي
صيدا,401069,سفنتي
صيدا,401068,بارتي
صيدا,401045,الجزيرة
صيدا,401080,الغازية
صيدا,604506,القناية
صيدا,604493,منظقة الوسطاني 
صيدا,604494,الشعيتية
صيدا,604495,المسالخية 
صيدا,604496,الكشك
صيدا,604497,رجال الأربعين
صيدا,604498,الكنان
صيدا,604499,كفريت
صيدا,604500,مجدليون
صيدا,604501,كفر متى
صيدا,604502,السبيل
صيدا,604503,السراي
صيدا,401092,نجارية
صيدا,604505,شقرا
صيدا,401093,عدوسية
صيدا,604507,الشارع
صيدا,604508,مكسر العبد
صيدا,604509,الزوتيني
صيدا,401102,حارة صيدا
صيدا,401101,البيسارية
صيدا,401100,القياعة
صيدا,401099,وادي الزاينة
صيدا,401098,عين الحلوه
صيدا,401097,خربة الدير
صيدا,401096,اليسارية
صيدا,401095,براك التل
صيدا,401065,كفر بيت
صيدا,604504,غزيز
صيدا,401020,قعقرية الصنوبر
صيدا,401067,القرية
صيدا,401032,كرم الحنش
صيدا,401031,مقسم الزين
صيدا,401030,مقسم البزري
صيدا,401029,جل عجرم
صيدا,401028,مقسم الجوهري
صيدا,401027,عرنايا
صيدا,401026,مراح كيوان
صيدا,401025,بستان الشيخ
صيدا,401024,المروانية
صيدا,401023,اللوبيه
صيدا,401034,خزير
صيدا,401021,كفر بده
صيدا,401035,زيتا
صيدا,401019,كوثرية الرز
صيدا,401018,كوثرية السياد
صيدا,401017,واسطاني صيدا
صيدا,401016,تبنه
صيدا,401015,الجديدة
صيدا,401014,دير تقلا
صيدا,401013,سنيبر
صيدا,401012,ساري
صيدا,401011,الغسانية
صيدا,401010,الواسطة
صيدا,401009,عنقون
صيدا,401022,المصيلح
صيدا,401051,كفر دجال
صيدا,401064,زغدرايا
صيدا,401063,درب السيم
صيدا,401062,طنبوريت
صيدا,401061,مغدوشة
صيدا,401060,الميه ميه
صيدا,401059,جنجلايا
صيدا,401058,بصليا
صيدا,401057,مكتونية
صيدا,401056,داوودية
صيدا,401055,وساميات
صيدا,401054,الحبابيه
صيدا,401033,تفاحتا
صيدا,401052,خربة كتايب
صيدا,401008,بنعفول
صيدا,401050,خنوسيه
صيدا,401049,عرب سكر
صيدا,401048,عرب الجل
صيدا,401046,مجدلون
صيدا,401044,اليهودية
صيدا,401043,مطرية الشومر
صيدا,401041,الحارتيه
صيدا,401040,جمجيم
صيدا,401039,بقسطه
صيدا,401038,كفريا
صيدا,401037,الصالحية
صيدا,401036,عبرا
صيدا,401053,خربة البصل
صور,402095,سلعا
صور,402076,بستيات
صور,402062,محرونه
صور,402092,الرفيد
صور,402090,دردقيا
صور,402089,وادي جيلو
صور,402088,حناتا
صور,402087,معركة
صور,402086,دير قانون النهر
صور,402085,قانا
صور,402083,الحميره
صور,402081,رشكنانية
صور,402080,الورداني
صور,402079,البياض
صور,402001,صور
صور,402077,شحور
صور,402096,صريفا
صور,402075,البافلية
صور,402074,النفاخية
صور,402073,برج رحال
صور,402072,عين الزرقا
صور,402071,الطويري
صور,402070,العباسية
صور,402069,سكة بسمة
صور,402068,يانوح
صور,402067,المجادل
صور,402066,دير سمحات
صور,402065,الشهابية
صور,402064,دير كيفا
صور,402063,باريش
صور,402078,دير عاص
صور,604515,شيحين
صور,604133,الباتولية
صور,604134,البص
صور,604135,القليلة
صور,604136,القاسمية
صور,604137,البازورية
صور,604138,المساكن
صور,604139,البرج الشمالي
صور,604232,شبريحا
صور,604260,دير دبا
صور,604261,مجدل زون
صور,604295,جناتا
صور,604512,حي الجامع
صور,402094,معروب
صور,604514,حي الارثوذكس
صور,402082,الصديقين
صور,604516,حي الجورة
صور,604517,حي الموارنة
صور,604518,حي الكاثوليك
صور,604519,حي الحسينية
صور,604520,حي المنارة
صور,402093,مرنبا
صور,402103,الحلوسيه
صور,402102,الزلوطيه
صور,402101,طير فلسيه
صور,402100,دبعال
صور,402099,ارزون
صور,402098,كفرتيه
صور,402097,نيحا
صور,604513,شمع
صور,402015,البياضة
صور,402030,راس القنيه
صور,402029,الرشيدية
صور,402028,المعشوق
صور,402027,البستان
صور,402026,مروحين
صور,402025,حامول
صور,402024,جمجيم
صور,402023,الليونه
صور,402022,ام الرب
صور,402021,ابو شيش
صور,402020,ام توته
صور,402019,يارين
صور,402018,اسكندرون
صور,402031,الحوش
صور,402009,محل زوين
صور,402002,قليله
صور,402003,عمران
صور,402004,الحنيه
صور,402005,العزية
صور,402006,علما الشعب
صور,402017,ناقورة
صور,402008,المنصورى
صور,402016,طير حرفا
صور,402010,الجبين
صور,402084,مزرعة مشرف
صور,402012,سيمين
صور,402061,طورا
صور,402014,الظهيرة
صور,402013,بيوت السيد
صور,402007,البطيشيه
صور,402055,برج الهوا
صور,402047,مالكية الساحل
صور,402048,زبقين
صور,402049,الحمارية
صور,402050,البرغلية
صور,402051,محيلب
صور,402046,الرمادية
صور,402053,عين ابو عبد الله
صور,402054,جوار النخل
صور,402057,برج القبلي
صور,402058,جويا
صور,402059,بازوريه
صور,402060,عيتيت
صور,402032,عين بعال
صور,402011,ضهر البياضه
صور,402052,بدياس
صور,402038,السماعية
صور,402033,حنوية
صور,402034,الكنيسة
صور,402056,برج الشمالي
صور,402045,دباس
صور,402035,دير قانون
صور,402036,راس العين
صور,402037,الشعيتية
صور,402039,المعللية
صور,402041,جبال البطم
صور,402044,باتولي
صور,402040,رملية
صور,402043,شرناي
صور,402042,الطيبه
جزين,403078,وادي الليمون
جزين,403079,حيتولي
جزين,403082,المحاربيه
جزين,403081,مشموشه
جزين,403083,الحسانيه
جزين,403086,سيدة مشموشه
جزين,403085,الحرف
جزين,403077,عين المير
جزين,403071,لبعه
جزين,403084,مزرعة المطحنة
جزين,403080,بتدين اللقش
جزين,403076,مطحنة الوطاويط
جزين,403075,البرانية
جزين,403074,الجوانية
جزين,403072,كفر فالوس
جزين,403070,كفر جره
جزين,403087,صليما
جزين,403104,مطحنة سيف الدين
جزين,403067,رؤوس الافرنج
جزين,403068,شواليق
جزين,403069,كرخا
جزين,403073,ماروس
جزين,403098,وادي جزين
جزين,403066,قلعة ابو الحسن
جزين,403028,الوردية
جزين,604521,تعيد
جزين,403108,صباح
جزين,403107,مراح الحباس
جزين,403106,صفاريه
جزين,403105,برغل
جزين,403103,بعانوب
جزين,403102,قتاله
جزين,403100,طورا السوس
جزين,403088,روم
جزين,403097,الغباطيه
جزين,403096,جبل طورا
جزين,403095,الهواتيه
جزين,403094,الماصوص
جزين,403093,الرمانة
جزين,403092,كفر تقلا
جزين,403091,الشامخة
جزين,403090,عاريه
جزين,403089,بحنين
جزين,403101,بنواتي
جزين,403023,عين الشفرا
جزين,403032,مزرعة الرهبان
جزين,403017,السويري
جزين,403030,السريره
جزين,403019,القطراني
جزين,403065,انان
جزين,403015,المحمودية
جزين,403022,الوزيد
جزين,403014,خلة حاسه
جزين,403024,عقناتا
جزين,403025,الدمشقية
جزين,403026,العزيمه
جزين,403027,قروح
جزين,403029,عين مجدلين
جزين,403031,الجرق
جزين,403021,العرقوب
جزين,403007,اللويزه
جزين,604121,كفرجبرا
جزين,403001,جزين
جزين,403002,كفرحونه
جزين,403003,الريحان
جزين,403004,عرمتى
جزين,403016,الوزاعية
جزين,403006,ليخ
جزين,403020,شبيل
جزين,403008,العيشيه
جزين,403009,عزيبة
جزين,403010,حورتي
جزين,403011,داريا
جزين,403012,مليتا
جزين,403013,طمره
جزين,403005,عاضو
جزين,403058,عازور
جزين,403050,بكاسين
جزين,403051,بسري
جزين,403052,تفيد
جزين,403033,المزرعة
جزين,403054,الحورانية
جزين,403018,الزغرين
جزين,403049,ضهر الدير
جزين,403057,الرخصة
جزين,403053,الميدان
جزين,403059,البابا
جزين,403060,جرنايا
جزين,403061,وادي بعنقودين
جزين,403062,بيصور
جزين,403063,المجيدل
جزين,403064,جنسنايا
جزين,403056,جل ناشي
جزين,403042,حيداب
جزين,403034,سجد
جزين,403055,المنقله
جزين,403048,شقاديف
جزين,403036,القبع
جزين,403037,صيدون
جزين,403038,سنيه
جزين,403039,بعليه
جزين,403035,قيتولي
جزين,403041,قطين
جزين,403043,المكنونية
جزين,403045,حيطوره
جزين,403046,الحمصيه
جزين,403047,ريمات
جزين,403044,خرخيا
جزين,403040,زحلتي
زحلة,501059,رياق
زحلة,501052,الراسية
زحلة,501063,حوش الغنم
زحلة,501062,الكرك
زحلة,501061,كفردان
زحلة,501053,اراضي زحله
زحلة,501060,المصنع
زحلة,501055,قاع الريم
زحلة,501056,مار جرجس
زحلة,501057,مار ميخائيل
زحلة,501051,مار الياس
زحلة,501058,رعيت
زحلة,501054,حزرتا
زحلة,604528,بشوات 
زحلة,604527,راشيا
زحلة,604526,حدد الزرقا
زحلة,604525,بيت لهيا
زحلة,604524,الكرمة
زحلة,604522,خربة قنافار
زحلة,501002,كرك نوح
زحلة,604291,اتحاد بلديات شرق زحلة
زحلة,604266,شبرقية ثابت
زحلة,604262,عنجر
زحلة,604179,ضهر الجمل
زحلة,604178,المنطقة الصناعية
زحلة,604177,الفاعور
زحلة,604176,عين قسين
زحلة,604523,حي السيدة
زحلة,501009,قوسايا
زحلة,501050,علي النهري
زحلة,501037,التويتي
زحلة,501016,سيدة النجاة
زحلة,501015,الميدان
زحلة,501014,الدلهمية
زحلة,501013,دير الغزال
زحلة,501012,تل عمارة
زحلة,604632,الرمتانية 
زحلة,501010,ماسا
زحلة,501018,حوش الزراعنة
زحلة,501008,الناصرية
زحلة,501007,حوش الفيكاني
زحلة,501006,حوش حالا
زحلة,501005,النبي ايلا
زحلة,604025,زحلة
زحلة,501003,ابلح
زحلة,501036,قمل
زحلة,501011,كفرزبد
زحلة,501026,تعلبايا
زحلة,501035,كسارة
زحلة,501034,جلالا
زحلة,501033,مكسي
زحلة,501032,شتوره
زحلة,501031,جديتا
زحلة,501030,حوش الامراء
زحلة,501029,وادي العرايش
زحلة,501004,نيحا
زحلة,501027,زبدل
زحلة,501017,مار انطونيوس
زحلة,501025,سعدنايل
زحلة,501024,البرباره
زحلة,501023,حوش موسى
زحلة,501022,مجدل عنجر
زحلة,501021,تربل
زحلة,501020,حشمش
زحلة,501019,بر الياس
زحلة,501001,المعلقة
زحلة,501028,تعنايل
زحلة,501040,قب الياس
زحلة,501039,بوارج
زحلة,501041,وادي الدلم
زحلة,501042,ناصرية تابت
زحلة,501043,البياض
زحلة,501044,الصيداي
زحلة,501045,تل الاخضر
زحلة,501046,القنيطرة
زحلة,501048,عجرموش
زحلة,501049,الفرزل
زحلة,501047,حواش
زحلة,501038,المريجات
البقاع الغربي,502002,الروضه
البقاع الغربي,502014,الدكوه
البقاع الغربي,502027,كامد اللوز
البقاع الغربي,502012,الخيارة
البقاع الغربي,502010,الجزيرة
البقاع الغربي,502009,حليمه الصغرى
البقاع الغربي,502008,الوقف
البقاع الغربي,502007,حوش الحريمة
البقاع الغربي,502006,المناره
البقاع الغربي,502005,تل ذنوب
البقاع الغربي,502003,باب مارع
البقاع الغربي,502001,جب جنين
البقاع الغربي,604259,الحمارة
البقاع الغربي,604532,كفردنيس
البقاع الغربي,502013,خربة قنفار
البقاع الغربي,604533,كوكبا
البقاع الغربي,604534,عين عطا
البقاع الغربي,604530,البقاع الغربي
البقاع الغربي,604529,عمشيت
البقاع الغربي,502004,بعلول
البقاع الغربي,502035,يحمر
البقاع الغربي,502011,حانوت الميدانية
البقاع الغربي,604531,بكيفا
البقاع الغربي,502024,غزه
البقاع الغربي,502025,القرعون
البقاع الغربي,502026,قليا
البقاع الغربي,502039,صغبين
البقاع الغربي,502038,الصويره
البقاع الغربي,502022,عيتنيت
البقاع الغربي,502036,دير عين الجوزه
البقاع الغربي,502021,عين زبده
البقاع الغربي,502034,ميدون
البقاع الغربي,502033,مشغره
البقاع الغربي,502032,المنصورة
البقاع الغربي,502031,المرج
البقاع الغربي,502030,لوسيه
البقاع الغربي,502029,لالا
البقاع الغربي,502028,لبايا
البقاع الغربي,502037,كفريا
البقاع الغربي,502020,عانا
البقاع الغربي,502019,عميق
البقاع الغربي,502015,دير طحنيش
البقاع الغربي,502018,سلطان يعقوب
البقاع الغربي,502017,سحمر
البقاع الغربي,502016,زلايا
البقاع الغربي,604258,الاسطبل
البقاع الغربي,502023,عين التينه
بعلبك,604289,نبحا القدام
بعلبك,604224,بيت مشيك
بعلبك,604183,حوش الرافقة
بعلبك,503027,طفيل
بعلبك,604286,التوفيقية
بعلبك,604287,نبحا الدمدوم
بعلبك,604182,حور تعلا
بعلبك,604181,الحدث
بعلبك,604290,قليلة والحرفوش
بعلبك,604026,حوش النبي
بعلبك,604300,عمشكي
بعلبك,604288,نبحا المحفارة
بعلبك,604575,العلاق
بعلبك,604558,مزرعو ابو صليبي
بعلبك,604564,النبي نعام
بعلبك,604565,حربتا
بعلبك,604566,حي الصلح
بعلبك,604567,وادي مفرة
بعلبك,604568,حوش حالا
بعلبك,604569,محلة المسيحيين
بعلبك,604570,غفرة
بعلبك,604571,حي البراق
بعلبك,604572,السفري
بعلبك,604562,القدام
بعلبك,604574, ريحا
بعلبك,604561,النبي سباط
بعلبك,604576,صربتا
بعلبك,604577,جبولة
بعلبك,604578,مصنع الزهرة
بعلبك,604579,العلاف
بعلبك,604580,الحبانية
بعلبك,604581,البويضة
بعلبك,604582,بتغرين
بعلبك,604583,عين السوداء
بعلبك,604584,كفر دبش
بعلبك,604585,فلاوي
بعلبك,604586,حي غفرة
بعلبك,604573,كفردان
بعلبك,604548,الجديدة
بعلبك,604536,طاريا
بعلبك,604537,معربون 
بعلبك,604538,الخريبة 
بعلبك,604539,الريش الغربي
بعلبك,604540,النبي رشاد 
بعلبك,604541,يونين
بعلبك,604542,مقنه
بعلبك,604543,طيبة
بعلبك,604544,حوش بردى
بعلبك,604545,حوش تل صفية
بعلبك,604563,نيحا 
بعلبك,604547,النبي انعام
بعلبك,604535,طليا
بعلبك,604549,بشوات
بعلبك,604550,عين الجوزة
بعلبك,604551,زرازير
بعلبك,604552,حزين
بعلبك,604553,غرفة
بعلبك,604554,محلة السجن بربارة
بعلبك,604555,حي الريش
بعلبك,604556,راس العين
بعلبك,604557,حي الشمس
بعلبك,604559,الانصار
بعلبك,604560,الرام
بعلبك,604546,تعلنايا
بعلبك,503015,عرسال
بعلبك,503005,زبود
بعلبك,503006,صبويا
بعلبك,503007,الكنيسة
بعلبك,503008,المعيصره
بعلبك,503009,شليفا
بعلبك,503029,النبي شيت
بعلبك,503012,عيناتا
بعلبك,503040,تمنين الفوقا
بعلبك,503014,اللبوه
بعلبك,503010,بتدعي
بعلبك,503016,النبي عثمان
بعلبك,503017,العين
بعلبك,503003,صفرا
بعلبك,503002,دير الاحمر
بعلبك,503001,بعلبك
بعلبك,503004,شعت
بعلبك,503018,راس بعلبك
بعلبك,503013,نحله
بعلبك,503026,يحفوفا
بعلبك,503019,القاع
بعلبك,503020,حلبتا
بعلبك,503021,مجدلون
بعلبك,503022,شمسطار
بعلبك,503023,يمونه
بعلبك,503011,برقا
بعلبك,503025,بريتال
بعلبك,503039,جنتا
بعلبك,503028,سرعين
بعلبك,503030,بدنايل
بعلبك,503031,تمنين التحتا
بعلبك,503034,الفاكهة
بعلبك,503024,دورس
بعلبك,503038,حوش السنيد
بعلبك,503032,بوداي
بعلبك,503037,بيت شاما
بعلبك,503035,قصرنبا
بعلبك,503033,ايعات
بعلبك,503036,الخضر
الهرمل,604599,القصر
الهرمل,604593,الشرقية
الهرمل,504001,الهرمل
الهرمل,604600,وادي الزين
الهرمل,604591,البويضة الشمالية
الهرمل,604598,بشوان
الهرمل,604604,الزويتيني 
الهرمل,604597,بريصا
الهرمل,604592,وادي الرطل
الهرمل,604603,وادي التركمان
الهرمل,604601,راس بعلبك
الهرمل,604590,حي الوقف
الهرمل,604589,وادي الكرم
الهرمل,604587,حي الحارة
الهرمل,504002,حميره
الهرمل,504003,الشواغير
الهرمل,504004,شربين
الهرمل,604596,زغرين
الهرمل,604595,مزرعة الفقيه
الهرمل,604594,حي بديتا
الهرمل,604602,وادي بنيت
الهرمل,604588,يحفوفا
راشيا,604613,حي الميدان
راشيا,604223,كفركوك
راشيا,604616,حلوه
راشيا,505001,راشيا
راشيا,505002,البيره
راشيا,505003,ضهر الاحمر
راشيا,505004,جب فرح
راشيا,505005,عيحا
راشيا,505006,نفوره
راشيا,505007,محيدثة
راشيا,505008,كفرمشكي
راشيا,505009,عيتا الفخار
راشيا,505010,خربة روحا
راشيا,505011,الرفيد
راشيا,604611,عين حرشه
راشيا,604617,الحوش
راشيا,604085,راشيا الوادي
راشيا,604615,العقبة
راشيا,604614,مجدل بلقيص
راشيا,604612,تنورة
راشيا,604610,مدوخ
راشيا,604609,عين عطا
راشيا,604608,ينطا
راشيا,604607,بكيفا
راشيا,604606,بيت لهيا 
راشيا,604605,كفردينس
راشيا,604083,المحيدثة
راشيا,604618,شبعا
النبطية,601005,القصيبه
النبطية,601013,زوطر الشرقية
النبطية,601001,نبطيه التحتا
النبطية,601002,ميفدون
النبطية,601003,شوكين
النبطية,601004,عدشيت
النبطية,601006,كفر صير
النبطية,601008,بريقع
النبطية,601009,صير الغربية
النبطية,601010,كفرتبنين
النبطية,601007,قعقية الجسر
النبطية,601012,يحمر
النبطية,601022,عين قانا
النبطية,601014,زوطر الغربية
النبطية,601015,الشقيف
النبطية,601016,كفر دجال
النبطية,601017,كفر رمان
النبطية,601018,عرب صليم
النبطية,601019,جرجوع
النبطية,601020,عين بسوار
النبطية,601021,جباع
النبطية,601011,ارنون
النبطية,604051,عبا
النبطية,601024,حومين
النبطية,604050,تول
النبطية,601023,كفر فيلا
النبطية,604052,حاروف
النبطية,604053,انصار
النبطية,604145,الكفور
النبطية,604146,غزة
النبطية,601042,كفر جوز
النبطية,601041,جبشيت
النبطية,601040,الشرقية
النبطية,604222,القعقعية
النبطية,601039,زبدين
النبطية,601037,دوير
النبطية,601036,مصيلح
النبطية,601030,النميريه
النبطية,601027,حبوش
النبطية,601028,دير الزهراني
النبطية,601025,صربا
النبطية,601026,رومين
النبطية,601029,بقروه
النبطية,604268,نبطية الفوقا
النبطية,601035,عزه
النبطية,601034,حميله
النبطية,601033,البياض
النبطية,604265,سيني
النبطية,601032,الخريبه
النبطية,601031,زفتا
بنت جبيل,602035,حاريص
بنت جبيل,602029,قلويه
بنت جبيل,602030,فرون
بنت جبيل,602031,ياطر
بنت جبيل,602032,كفردونين
بنت جبيل,602036,دير انطار
بنت جبيل,602034,جميجمه
بنت جبيل,602025,حداثا
بنت جبيل,602037,صربين
بنت جبيل,602038,غندوريه
بنت جبيل,602039,عيتا الزلط
بنت جبيل,602040,كفرا
بنت جبيل,602033,برعشيت
بنت جبيل,602028,صفد البطيخ
بنت جبيل,602041,يهوديه
بنت جبيل,602026,خربة سلم
بنت جبيل,604623,حي الساحة 
بنت جبيل,602024,برج قلويه
بنت جبيل,602023,تبنين
بنت جبيل,602022,صالحاني
بنت جبيل,602021,حميري
بنت جبيل,602020,قوزح
بنت جبيل,602019,يارون
بنت جبيل,602018,كونين
بنت جبيل,602017,عين ابل
بنت جبيل,602016,الطيري
بنت جبيل,602027,رشاف
بنت جبيل,602012,حانين
بنت جبيل,602001,بنت جبيل
بنت جبيل,602002,بيت ليف
بنت جبيل,602003,دبل
بنت جبيل,602004,اميه
بنت جبيل,604144,عين الصغيرة
بنت جبيل,602005,قطمون
بنت جبيل,602006,عيترون
بنت جبيل,602007,عيناتا
بنت جبيل,602008,مارون الراس
بنت جبيل,602009,عيتا الشعب
بنت جبيل,602010,راميه
بنت جبيل,602011,بيت ياحون
بنت جبيل,602042,شقرا
بنت جبيل,602014,سموخه
بنت جبيل,604619,حي الحواره
بنت جبيل,604620,حي الحسينية
بنت جبيل,604621,حي البركة
بنت جبيل,604622,حي الحدادة 
بنت جبيل,602015,جباب العرب
بنت جبيل,604624,كفرفيلا
بنت جبيل,602013,رميش
بنت جبيل,602043,دوبيه
مرجعيون,604625,الجديدة
مرجعيون,604626,جديدة مرجعيون
مرجعيون,604627,شويا
مرجعيون,604628,جديدة حس السراي
مرجعيون,604327,تولين
مرجعيون,604307,دير ميماس
مرجعيون,604315,عديسه
مرجعيون,604314,عين عرب
مرجعيون,604313,مزرعة الجدين
مرجعيون,604312,ابل السقي
مرجعيون,604311,العمر
مرجعيون,604310,سرده
مرجعيون,604316,الخيام
مرجعيون,604308,كفركلا
مرجعيون,604305,القليعة
مرجعيون,604306,برج المملوك
مرجعيون,604336,الوزاني
مرجعيون,604304,بلاط
مرجعيون,604329,قبريخا
مرجعيون,604302,البيوضه
مرجعيون,604301,مرجعيون
مرجعيون,604296,الخربة
مرجعيون,604309,هوره
مرجعيون,604333,بليدا
مرجعيون,604303,دبين
مرجعيون,604317,حولا
مرجعيون,604334,زقيه
مرجعيون,604332,ميس الجبل
مرجعيون,604331,علمان
مرجعيون,604330,القصير
مرجعيون,604328,مجدل سلم
مرجعيون,604326,صوانه
مرجعيون,604319,طلوسه
مرجعيون,604324,عدشيت القصير
مرجعيون,604323,الطيبه
مرجعيون,604322,دير سريان
مرجعيون,604321,قنطرة
مرجعيون,604320,بني حيان
مرجعيون,604325,رب الثلاثين
مرجعيون,604335,محيب
مرجعيون,604318,مركبا
حاصبيا,603010,برغز
حاصبيا,603009,كفر حمام
حاصبيا,603008,الماري
حاصبيا,603007,شبعا
حاصبيا,603006,الفرديس
حاصبيا,603005,عين جرفا
حاصبيا,603004,سفينه
حاصبيا,603002,الكفير
حاصبيا,603001,حاصبيا
حاصبيا,603011,عين فجور
حاصبيا,603021,كفرشوبا
حاصبيا,603003,الخلوات
حاصبيا,603012,نخيله
حاصبيا,603013,صليب
حاصبيا,603014,المجيديه
حاصبيا,603015,مينس
حاصبيا,603016,مرج الزهور
حاصبيا,603017,شويا
حاصبيا,603018,عين قينيا
حاصبيا,603020,الهبارية
حاصبيا,603022,ابو قمحه
حاصبيا,603023,كوكبا
حاصبيا,603024,الخريبة
حاصبيا,603019,راشيا الفخار
